economy,YR2019
BGR,4.197179794
EST,5.301909924
HUN,4.237639904
LTU,3.972150087
LVA,4.425079823
MDA,6.103789806
POL,4.669209957
ROU,3.583189964
RUS,3.517245054
UKR,5.441299915
