economy,YR2019
BGR,1.909999967
EST,2.859999895
HUN,1.539999962
LTU,2.900000095
LVA,3.619999886
MDA,2
POL,2
ROU,1.570000052
RUS,4.429999828
UKR,7.059999943
